detid,lat,long
E1_A0B0_0,469.4,195.2
E1_A0B0_1,469.4,198.4
E1_A10A11_0,204.8,2919.4
E1_A10A11_1,201.6,2919.4
E1_A10A9_0,195.2,2480.6
E1_A10A9_1,198.4,2480.6
E1_A10B10_0,469.4,2695.2
E1_A10B10_1,469.4,2698.4
E1_A10left10_0,19.599999999999994,2704.8
E1_A10left10_1,19.599999999999994,2701.6
E1_A11A10_0,195.2,2730.6
E1_A11A10_1,198.4,2730.6
E1_A11B11_0,469.4,2945.2
E1_A11B11_1,469.4,2948.4
E1_A11left11_0,19.599999999999994,2954.8
E1_A11left11_1,19.599999999999994,2951.6
E1_A11top0_0,204.8,3130.4
E1_A11top0_1,201.6,3130.4
E1_A1A0_0,195.2,230.60000000000002
E1_A1A0_1,198.4,230.60000000000002
E1_A1A2_0,204.8,669.4
E1_A1A2_1,201.6,669.4
E1_A1B1_0,469.4,445.2
E1_A1B1_1,469.4,448.4
E1_A1left1_0,19.599999999999994,454.8
E1_A1left1_1,19.599999999999994,451.6
E1_A2A1_0,195.2,480.6
E1_A2A1_1,198.4,480.6
E1_A2A3_0,204.8,919.4
E1_A2A3_1,201.6,919.4
E1_A2B2_0,469.4,695.2
E1_A2B2_1,469.4,698.4
E1_A2left2_0,19.599999999999994,704.8
E1_A2left2_1,19.599999999999994,701.6
E1_A3A2_0,195.2,730.6
E1_A3A2_1,198.4,730.6
E1_A3A4_0,204.8,1169.4
E1_A3A4_1,201.6,1169.4
E1_A3B3_0,469.4,945.2
E1_A3B3_1,469.4,948.4
E1_A3left3_0,19.599999999999994,954.8
E1_A3left3_1,19.599999999999994,951.6
E1_A4A3_0,195.2,980.5999999999999
E1_A4A3_1,198.4,980.5999999999999
E1_A4B4_0,469.4,1195.2
E1_A4B4_1,469.4,1198.4
E1_A4left4_0,19.599999999999994,1204.8
E1_A4left4_1,19.599999999999994,1201.6
E1_A5A4_0,195.2,1230.6
E1_A5A4_1,198.4,1230.6
E1_A5B5_0,469.4,1445.2
E1_A5B5_1,469.4,1448.4
E1_A5left5_0,19.599999999999994,1454.8
E1_A5left5_1,19.599999999999994,1451.6
E1_A6A5_0,195.2,1480.6
E1_A6A5_1,198.4,1480.6
E1_A6B6_0,469.4,1695.2
E1_A6B6_1,469.4,1698.4
E1_A6left6_0,19.599999999999994,1704.8
E1_A6left6_1,19.599999999999994,1701.6
E1_A7A8_0,204.8,2169.4
E1_A7A8_1,201.6,2169.4
E1_A7B7_0,469.4,1945.2
E1_A7B7_1,469.4,1948.4
E1_A7left7_0,19.599999999999994,1954.8
E1_A7left7_1,19.599999999999994,1951.6
E1_A8B8_0,469.4,2195.2
E1_A8B8_1,469.4,2198.4
E1_A8left8_0,19.599999999999994,2204.8
E1_A8left8_1,19.599999999999994,2201.6
E1_A9B9_0,469.4,2445.2
E1_A9B9_1,469.4,2448.4
E1_A9left9_0,19.599999999999994,2454.8
E1_A9left9_1,19.599999999999994,2451.6
E1_B0B1_0,504.8,419.4
E1_B0B1_1,501.6,419.4
E1_B10A10_0,230.60000000000002,2704.8
E1_B10A10_1,230.60000000000002,2701.6
E1_B10B11_0,504.8,2919.4
E1_B10B11_1,501.6,2919.4
E1_B10B9_0,495.2,2480.6
E1_B10B9_1,498.4,2480.6
E1_B10C10_0,769.4,2695.2
E1_B10C10_1,769.4,2698.4
E1_B11B10_0,495.2,2730.6
E1_B11B10_1,498.4,2730.6
E1_B11top1_0,504.8,3130.4
E1_B11top1_1,501.6,3130.4
E1_B1A1_0,230.60000000000002,454.8
E1_B1A1_1,230.60000000000002,451.6
E1_B1B0_0,495.2,230.60000000000002
E1_B1B0_1,498.4,230.60000000000002
E1_B1B2_0,504.8,669.4
E1_B1B2_1,501.6,669.4
E1_B2A2_0,230.60000000000002,704.8
E1_B2A2_1,230.60000000000002,701.6
E1_B2B1_0,495.2,480.6
E1_B2B1_1,498.4,480.6
E1_B2B3_0,504.8,919.4
E1_B2B3_1,501.6,919.4
E1_B2C2_0,769.4,695.2
E1_B2C2_1,769.4,698.4
E1_B3A3_0,230.60000000000002,954.8
E1_B3A3_1,230.60000000000002,951.6
E1_B3B2_0,495.2,730.6
E1_B3B2_1,498.4,730.6
E1_B3B4_0,504.8,1169.4
E1_B3B4_1,501.6,1169.4
E1_B3C3_0,769.4,945.2
E1_B3C3_1,769.4,948.4
E1_B4B3_0,495.2,980.5999999999999
E1_B4B3_1,498.4,980.5999999999999
E1_B4B5_0,504.8,1419.4
E1_B4B5_1,501.6,1419.4
E1_B4C4_0,769.4,1195.2
E1_B4C4_1,769.4,1198.4
E1_B5A5_0,230.60000000000002,1454.8
E1_B5A5_1,230.60000000000002,1451.6
E1_B5B4_0,495.2,1230.6
E1_B5B4_1,498.4,1230.6
E1_B5B6_0,504.8,1669.4
E1_B5B6_1,501.6,1669.4
E1_B5C5_0,769.4,1445.2
E1_B5C5_1,769.4,1448.4
E1_B6A6_0,230.60000000000002,1704.8
E1_B6A6_1,230.60000000000002,1701.6
E1_B6B5_0,495.2,1480.6
E1_B6B5_1,498.4,1480.6
E1_B6B7_0,504.8,1919.4
E1_B6B7_1,501.6,1919.4
E1_B6C6_0,769.4,1695.2
E1_B6C6_1,769.4,1698.4
E1_B7A7_0,230.60000000000002,1954.8
E1_B7A7_1,230.60000000000002,1951.6
E1_B7B6_0,495.2,1730.6
E1_B7B6_1,498.4,1730.6
E1_B8B7_0,495.2,1980.6
E1_B8B7_1,498.4,1980.6
E1_B8B9_0,504.8,2419.4
E1_B8B9_1,501.6,2419.4
E1_B8C8_0,769.4,2195.2
E1_B8C8_1,769.4,2198.4
E1_B9A9_0,230.60000000000002,2454.8
E1_B9A9_1,230.60000000000002,2451.6
E1_B9B10_0,504.8,2669.4
E1_B9B10_1,501.6,2669.4
E1_B9B8_0,495.2,2230.6
E1_B9B8_1,498.4,2230.6
E1_C0B0_0,530.6,204.8
E1_C0B0_1,530.6,201.6
E1_C0C1_0,804.8,419.4
E1_C0C1_1,801.6,419.4
E1_C0D0_0,1069.4,195.2
E1_C0D0_1,1069.4,198.4
E1_C0bottom2_0,795.2,19.599999999999994
E1_C0bottom2_1,798.4,19.599999999999994
E1_C10B10_0,530.6,2704.8
E1_C10B10_1,530.6,2701.6
E1_C10C11_0,804.8,2919.4
E1_C10C11_1,801.6,2919.4
E1_C10C9_0,795.2,2480.6
E1_C10C9_1,798.4,2480.6
E1_C10D10_0,1069.4,2695.2
E1_C10D10_1,1069.4,2698.4
E1_C11B11_0,530.6,2954.8
E1_C11B11_1,530.6,2951.6
E1_C11D11_0,1069.4,2945.2
E1_C11D11_1,1069.4,2948.4
E1_C11top2_0,804.8,3130.4
E1_C11top2_1,801.6,3130.4
E1_C1B1_0,530.6,454.8
E1_C1B1_1,530.6,451.6
E1_C1C0_0,795.2,230.60000000000002
E1_C1C0_1,798.4,230.60000000000002
E1_C1C2_0,804.8,669.4
E1_C1C2_1,801.6,669.4
E1_C1D1_0,1069.4,445.2
E1_C1D1_1,1069.4,448.4
E1_C2B2_0,530.6,704.8
E1_C2B2_1,530.6,701.6
E1_C2C1_0,795.2,480.6
E1_C2C1_1,798.4,480.6
E1_C2C3_0,804.8,919.4
E1_C2C3_1,801.6,919.4
E1_C2D2_0,1069.4,695.2
E1_C2D2_1,1069.4,698.4
E1_C3B3_0,530.6,954.8
E1_C3B3_1,530.6,951.6
E1_C3D3_0,1069.4,945.2
E1_C3D3_1,1069.4,948.4
E1_C4B4_0,530.6,1204.8
E1_C4B4_1,530.6,1201.6
E1_C4C3_0,795.2,980.5999999999999
E1_C4C3_1,798.4,980.5999999999999
E1_C4D4_0,1069.4,1195.2
E1_C4D4_1,1069.4,1198.4
E1_C5B5_0,530.6,1454.8
E1_C5B5_1,530.6,1451.6
E1_C5C4_0,795.2,1230.6
E1_C5C4_1,798.4,1230.6
E1_C5C6_0,804.8,1669.4
E1_C5C6_1,801.6,1669.4
E1_C5D5_0,1069.4,1445.2
E1_C5D5_1,1069.4,1448.4
E1_C6C5_0,795.2,1480.6
E1_C6C5_1,798.4,1480.6
E1_C6C7_0,804.8,1919.4
E1_C6C7_1,801.6,1919.4
E1_C6D6_0,1069.4,1695.2
E1_C6D6_1,1069.4,1698.4
E1_C7B7_0,530.6,1954.8
E1_C7B7_1,530.6,1951.6
E1_C7C6_0,795.2,1730.6
E1_C7C6_1,798.4,1730.6
E1_C7D7_0,1069.4,1945.2
E1_C7D7_1,1069.4,1948.4
E1_C8B8_0,530.6,2204.8
E1_C8B8_1,530.6,2201.6
E1_C8C7_0,795.2,1980.6
E1_C8C7_1,798.4,1980.6
E1_C9B9_0,530.6,2454.8
E1_C9B9_1,530.6,2451.6
E1_C9C10_0,804.8,2669.4
E1_C9C10_1,801.6,2669.4
E1_C9C8_0,795.2,2230.6
E1_C9C8_1,798.4,2230.6
E1_C9D9_0,1069.4,2445.2
E1_C9D9_1,1069.4,2448.4
E1_D0C0_0,830.5999999999999,204.8
E1_D0C0_1,830.5999999999999,201.6
E1_D0D1_0,1104.8,419.4
E1_D0D1_1,1101.6,419.4
E1_D0E0_0,1369.4,195.2
E1_D0E0_1,1369.4,198.4
E1_D0bottom3_0,1095.2,19.599999999999994
E1_D0bottom3_1,1098.4,19.599999999999994
E1_D10C10_0,830.5999999999999,2704.8
E1_D10C10_1,830.5999999999999,2701.6
E1_D10D11_0,1104.8,2919.4
E1_D10D11_1,1101.6,2919.4
E1_D10D9_0,1095.2,2480.6
E1_D10D9_1,1098.4,2480.6
E1_D11D10_0,1095.2,2730.6
E1_D11D10_1,1098.4,2730.6
E1_D11top3_0,1104.8,3130.4
E1_D11top3_1,1101.6,3130.4
E1_D1C1_0,830.5999999999999,454.8
E1_D1C1_1,830.5999999999999,451.6
E1_D1D0_0,1095.2,230.60000000000002
E1_D1D0_1,1098.4,230.60000000000002
E1_D1D2_0,1104.8,669.4
E1_D1D2_1,1101.6,669.4
E1_D1E1_0,1369.4,445.2
E1_D1E1_1,1369.4,448.4
E1_D2C2_0,830.5999999999999,704.8
E1_D2C2_1,830.5999999999999,701.6
E1_D2D1_0,1095.2,480.6
E1_D2D1_1,1098.4,480.6
E1_D2D3_0,1104.8,919.4
E1_D2D3_1,1101.6,919.4
E1_D3D2_0,1095.2,730.6
E1_D3D2_1,1098.4,730.6
E1_D3D4_0,1104.8,1169.4
E1_D3D4_1,1101.6,1169.4
E1_D3E3_0,1369.4,945.2
E1_D3E3_1,1369.4,948.4
E1_D4C4_0,830.5999999999999,1204.8
E1_D4C4_1,830.5999999999999,1201.6
E1_D4D3_0,1095.2,980.5999999999999
E1_D4D3_1,1098.4,980.5999999999999
E1_D4D5_0,1104.8,1419.4
E1_D4D5_1,1101.6,1419.4
E1_D4E4_0,1369.4,1195.2
E1_D4E4_1,1369.4,1198.4
E1_D5C5_0,830.5999999999999,1454.8
E1_D5C5_1,830.5999999999999,1451.6
E1_D5E5_0,1369.4,1445.2
E1_D5E5_1,1369.4,1448.4
E1_D6C6_0,830.5999999999999,1704.8
E1_D6C6_1,830.5999999999999,1701.6
E1_D6D5_0,1095.2,1480.6
E1_D6D5_1,1098.4,1480.6
E1_D6D7_0,1104.8,1919.4
E1_D6D7_1,1101.6,1919.4
E1_D6E6_0,1369.4,1695.2
E1_D6E6_1,1369.4,1698.4
E1_D7C7_0,830.5999999999999,1954.8
E1_D7C7_1,830.5999999999999,1951.6
E1_D7D6_0,1095.2,1730.6
E1_D7D6_1,1098.4,1730.6
E1_D7D8_0,1104.8,2169.4
E1_D7D8_1,1101.6,2169.4
E1_D7E7_0,1369.4,1945.2
E1_D7E7_1,1369.4,1948.4
E1_D8D7_0,1095.2,1980.6
E1_D8D7_1,1098.4,1980.6
E1_D8E8_0,1369.4,2195.2
E1_D8E8_1,1369.4,2198.4
E1_D9C9_0,830.5999999999999,2454.8
E1_D9C9_1,830.5999999999999,2451.6
E1_E0D0_0,1130.6,204.8
E1_E0D0_1,1130.6,201.6
E1_E0E1_0,1404.8,419.4
E1_E0E1_1,1401.6,419.4
E1_E0F0_0,1669.4,195.2
E1_E0F0_1,1669.4,198.4
E1_E0bottom4_0,1395.2,19.599999999999994
E1_E0bottom4_1,1398.4,19.599999999999994
E1_E10D10_0,1130.6,2704.8
E1_E10D10_1,1130.6,2701.6
E1_E10E11_0,1404.8,2919.4
E1_E10E11_1,1401.6,2919.4
E1_E10E9_0,1395.2,2480.6
E1_E10E9_1,1398.4,2480.6
E1_E10F10_0,1669.4,2695.2
E1_E10F10_1,1669.4,2698.4
E1_E11F11_0,1669.4,2945.2
E1_E11F11_1,1669.4,2948.4
E1_E11top4_0,1404.8,3130.4
E1_E11top4_1,1401.6,3130.4
E1_E1D1_0,1130.6,454.8
E1_E1D1_1,1130.6,451.6
E1_E1E0_0,1395.2,230.60000000000002
E1_E1E0_1,1398.4,230.60000000000002
E1_E1E2_0,1404.8,669.4
E1_E1E2_1,1401.6,669.4
E1_E1F1_0,1669.4,445.2
E1_E1F1_1,1669.4,448.4
E1_E2D2_0,1130.6,704.8
E1_E2D2_1,1130.6,701.6
E1_E2E1_0,1395.2,480.6
E1_E2E1_1,1398.4,480.6
E1_E2E3_0,1404.8,919.4
E1_E2E3_1,1401.6,919.4
E1_E2F2_0,1669.4,695.2
E1_E2F2_1,1669.4,698.4
E1_E3D3_0,1130.6,954.8
E1_E3D3_1,1130.6,951.6
E1_E3E2_0,1395.2,730.6
E1_E3E2_1,1398.4,730.6
E1_E3E4_0,1404.8,1169.4
E1_E3E4_1,1401.6,1169.4
E1_E3F3_0,1669.4,945.2
E1_E3F3_1,1669.4,948.4
E1_E4D4_0,1130.6,1204.8
E1_E4D4_1,1130.6,1201.6
E1_E4E5_0,1404.8,1419.4
E1_E4E5_1,1401.6,1419.4
E1_E4F4_0,1669.4,1195.2
E1_E4F4_1,1669.4,1198.4
E1_E5E4_0,1395.2,1230.6
E1_E5E4_1,1398.4,1230.6
E1_E5F5_0,1669.4,1445.2
E1_E5F5_1,1669.4,1448.4
E1_E6D6_0,1130.6,1704.8
E1_E6D6_1,1130.6,1701.6
E1_E6E7_0,1404.8,1919.4
E1_E6E7_1,1401.6,1919.4
E1_E6F6_0,1669.4,1695.2
E1_E6F6_1,1669.4,1698.4
E1_E7D7_0,1130.6,1954.8
E1_E7D7_1,1130.6,1951.6
E1_E7E6_0,1395.2,1730.6
E1_E7E6_1,1398.4,1730.6
E1_E7E8_0,1404.8,2169.4
E1_E7E8_1,1401.6,2169.4
E1_E8D8_0,1130.6,2204.8
E1_E8D8_1,1130.6,2201.6
E1_E8E7_0,1395.2,1980.6
E1_E8E7_1,1398.4,1980.6
E1_E8E9_0,1404.8,2419.4
E1_E8E9_1,1401.6,2419.4
E1_E8F8_0,1669.4,2195.2
E1_E8F8_1,1669.4,2198.4
E1_E9D9_0,1130.6,2454.8
E1_E9D9_1,1130.6,2451.6
E1_E9E10_0,1404.8,2669.4
E1_E9E10_1,1401.6,2669.4
E1_E9F9_0,1669.4,2445.2
E1_E9F9_1,1669.4,2448.4
E1_F0E0_0,1430.6,204.8
E1_F0E0_1,1430.6,201.6
E1_F0F1_0,1704.8,419.4
E1_F0F1_1,1701.6,419.4
E1_F0G0_0,1969.4,195.2
E1_F0G0_1,1969.4,198.4
E1_F0bottom5_0,1695.2,19.599999999999994
E1_F0bottom5_1,1698.4,19.599999999999994
E1_F10E10_0,1430.6,2704.8
E1_F10E10_1,1430.6,2701.6
E1_F10G10_0,1969.4,2695.2
E1_F10G10_1,1969.4,2698.4
E1_F11E11_0,1430.6,2954.8
E1_F11E11_1,1430.6,2951.6
E1_F11F10_0,1695.2,2730.6
E1_F11F10_1,1698.4,2730.6
E1_F11G11_0,1969.4,2945.2
E1_F11G11_1,1969.4,2948.4
E1_F11top5_0,1704.8,3130.4
E1_F11top5_1,1701.6,3130.4
E1_F1E1_0,1430.6,454.8
E1_F1E1_1,1430.6,451.6
E1_F1F0_0,1695.2,230.60000000000002
E1_F1F0_1,1698.4,230.60000000000002
E1_F1F2_0,1704.8,669.4
E1_F1F2_1,1701.6,669.4
E1_F1G1_0,1969.4,445.2
E1_F1G1_1,1969.4,448.4
E1_F2E2_0,1430.6,704.8
E1_F2E2_1,1430.6,701.6
E1_F2F1_0,1695.2,480.6
E1_F2F1_1,1698.4,480.6
E1_F2F3_0,1704.8,919.4
E1_F2F3_1,1701.6,919.4
E1_F2G2_0,1969.4,695.2
E1_F2G2_1,1969.4,698.4
E1_F3E3_0,1430.6,954.8
E1_F3E3_1,1430.6,951.6
E1_F3F2_0,1695.2,730.6
E1_F3F2_1,1698.4,730.6
E1_F3F4_0,1704.8,1169.4
E1_F3F4_1,1701.6,1169.4
E1_F3G3_0,1969.4,945.2
E1_F3G3_1,1969.4,948.4
E1_F4E4_0,1430.6,1204.8
E1_F4E4_1,1430.6,1201.6
E1_F4F5_0,1704.8,1419.4
E1_F4F5_1,1701.6,1419.4
E1_F4G4_0,1969.4,1195.2
E1_F4G4_1,1969.4,1198.4
E1_F5E5_0,1430.6,1454.8
E1_F5E5_1,1430.6,1451.6
E1_F5F4_0,1695.2,1230.6
E1_F5F4_1,1698.4,1230.6
E1_F5G5_0,1969.4,1445.2
E1_F5G5_1,1969.4,1448.4
E1_F6E6_0,1430.6,1704.8
E1_F6E6_1,1430.6,1701.6
E1_F6F5_0,1695.2,1480.6
E1_F6F5_1,1698.4,1480.6
E1_F6F7_0,1704.8,1919.4
E1_F6F7_1,1701.6,1919.4
E1_F6G6_0,1969.4,1695.2
E1_F6G6_1,1969.4,1698.4
E1_F7E7_0,1430.6,1954.8
E1_F7E7_1,1430.6,1951.6
E1_F7F6_0,1695.2,1730.6
E1_F7F6_1,1698.4,1730.6
E1_F7G7_0,1969.4,1945.2
E1_F7G7_1,1969.4,1948.4
E1_F8E8_0,1430.6,2204.8
E1_F8E8_1,1430.6,2201.6
E1_F8F7_0,1695.2,1980.6
E1_F8F7_1,1698.4,1980.6
E1_F8F9_0,1704.8,2419.4
E1_F8F9_1,1701.6,2419.4
E1_F8G8_0,1969.4,2195.2
E1_F8G8_1,1969.4,2198.4
E1_F9E9_0,1430.6,2454.8
E1_F9E9_1,1430.6,2451.6
E1_F9F10_0,1704.8,2669.4
E1_F9F10_1,1701.6,2669.4
E1_F9G9_0,1969.4,2445.2
E1_F9G9_1,1969.4,2448.4
E1_G0F0_0,1730.6,204.8
E1_G0F0_1,1730.6,201.6
E1_G0G1_0,2004.8,419.4
E1_G0G1_1,2001.6,419.4
E1_G0bottom6_0,1995.2,19.599999999999994
E1_G0bottom6_1,1998.4,19.599999999999994
E1_G10F10_0,1730.6,2704.8
E1_G10F10_1,1730.6,2701.6
E1_G10G11_0,2004.8,2919.4
E1_G10G11_1,2001.6,2919.4
E1_G10G9_0,1995.2,2480.6
E1_G10G9_1,1998.4,2480.6
E1_G10H10_0,2269.4,2695.2
E1_G10H10_1,2269.4,2698.4
E1_G11G10_0,1995.2,2730.6
E1_G11G10_1,1998.4,2730.6
E1_G11top6_0,2004.8,3130.4
E1_G11top6_1,2001.6,3130.4
E1_G1F1_0,1730.6,454.8
E1_G1F1_1,1730.6,451.6
E1_G1G0_0,1995.2,230.60000000000002
E1_G1G0_1,1998.4,230.60000000000002
E1_G1G2_0,2004.8,669.4
E1_G1G2_1,2001.6,669.4
E1_G1H1_0,2269.4,445.2
E1_G1H1_1,2269.4,448.4
E1_G2F2_0,1730.6,704.8
E1_G2F2_1,1730.6,701.6
E1_G2G3_0,2004.8,919.4
E1_G2G3_1,2001.6,919.4
E1_G2H2_0,2269.4,695.2
E1_G2H2_1,2269.4,698.4
E1_G3F3_0,1730.6,954.8
E1_G3F3_1,1730.6,951.6
E1_G3G4_0,2004.8,1169.4
E1_G3G4_1,2001.6,1169.4
E1_G4F4_0,1730.6,1204.8
E1_G4F4_1,1730.6,1201.6
E1_G4G3_0,1995.2,980.5999999999999
E1_G4G3_1,1998.4,980.5999999999999
E1_G4G5_0,2004.8,1419.4
E1_G4G5_1,2001.6,1419.4
E1_G4H4_0,2269.4,1195.2
E1_G4H4_1,2269.4,1198.4
E1_G5F5_0,1730.6,1454.8
E1_G5F5_1,1730.6,1451.6
E1_G5G4_0,1995.2,1230.6
E1_G5G4_1,1998.4,1230.6
E1_G5G6_0,2004.8,1669.4
E1_G5G6_1,2001.6,1669.4
E1_G5H5_0,2269.4,1445.2
E1_G5H5_1,2269.4,1448.4
E1_G6F6_0,1730.6,1704.8
E1_G6F6_1,1730.6,1701.6
E1_G6G7_0,2004.8,1919.4
E1_G6G7_1,2001.6,1919.4
E1_G6H6_0,2269.4,1695.2
E1_G6H6_1,2269.4,1698.4
E1_G7F7_0,1730.6,1954.8
E1_G7F7_1,1730.6,1951.6
E1_G7G6_0,1995.2,1730.6
E1_G7G6_1,1998.4,1730.6
E1_G7G8_0,2004.8,2169.4
E1_G7G8_1,2001.6,2169.4
E1_G7H7_0,2269.4,1945.2
E1_G7H7_1,2269.4,1948.4
E1_G8F8_0,1730.6,2204.8
E1_G8F8_1,1730.6,2201.6
E1_G8G7_0,1995.2,1980.6
E1_G8G7_1,1998.4,1980.6
E1_G8G9_0,2004.8,2419.4
E1_G8G9_1,2001.6,2419.4
E1_G8H8_0,2269.4,2195.2
E1_G8H8_1,2269.4,2198.4
E1_G9F9_0,1730.6,2454.8
E1_G9F9_1,1730.6,2451.6
E1_G9G10_0,2004.8,2669.4
E1_G9G10_1,2001.6,2669.4
E1_G9G8_0,1995.2,2230.6
E1_G9G8_1,1998.4,2230.6
E1_H0G0_0,2030.6,204.8
E1_H0G0_1,2030.6,201.6
E1_H0I0_0,2569.4,195.2
E1_H0I0_1,2569.4,198.4
E1_H0bottom7_0,2295.2,19.599999999999994
E1_H0bottom7_1,2298.4,19.599999999999994
E1_H10G10_0,2030.6,2704.8
E1_H10G10_1,2030.6,2701.6
E1_H10H11_0,2304.8,2919.4
E1_H10H11_1,2301.6,2919.4
E1_H10H9_0,2295.2,2480.6
E1_H10H9_1,2298.4,2480.6
E1_H10I10_0,2569.4,2695.2
E1_H10I10_1,2569.4,2698.4
E1_H11H10_0,2295.2,2730.6
E1_H11H10_1,2298.4,2730.6
E1_H11I11_0,2569.4,2945.2
E1_H11I11_1,2569.4,2948.4
E1_H11top7_0,2304.8,3130.4
E1_H11top7_1,2301.6,3130.4
E1_H1G1_0,2030.6,454.8
E1_H1G1_1,2030.6,451.6
E1_H1H0_0,2295.2,230.60000000000002
E1_H1H0_1,2298.4,230.60000000000002
E1_H1H2_0,2304.8,669.4
E1_H1H2_1,2301.6,669.4
E1_H2G2_0,2030.6,704.8
E1_H2G2_1,2030.6,701.6
E1_H2H1_0,2295.2,480.6
E1_H2H1_1,2298.4,480.6
E1_H2H3_0,2304.8,919.4
E1_H2H3_1,2301.6,919.4
E1_H3G3_0,2030.6,954.8
E1_H3G3_1,2030.6,951.6
E1_H3H2_0,2295.2,730.6
E1_H3H2_1,2298.4,730.6
E1_H3H4_0,2304.8,1169.4
E1_H3H4_1,2301.6,1169.4
E1_H3I3_0,2569.4,945.2
E1_H3I3_1,2569.4,948.4
E1_H4G4_0,2030.6,1204.8
E1_H4G4_1,2030.6,1201.6
E1_H4H5_0,2304.8,1419.4
E1_H4H5_1,2301.6,1419.4
E1_H5G5_0,2030.6,1454.8
E1_H5G5_1,2030.6,1451.6
E1_H5H4_0,2295.2,1230.6
E1_H5H4_1,2298.4,1230.6
E1_H5H6_0,2304.8,1669.4
E1_H5H6_1,2301.6,1669.4
E1_H6G6_0,2030.6,1704.8
E1_H6G6_1,2030.6,1701.6
E1_H6H5_0,2295.2,1480.6
E1_H6H5_1,2298.4,1480.6
E1_H6H7_0,2304.8,1919.4
E1_H6H7_1,2301.6,1919.4
E1_H6I6_0,2569.4,1695.2
E1_H6I6_1,2569.4,1698.4
E1_H7G7_0,2030.6,1954.8
E1_H7G7_1,2030.6,1951.6
E1_H7H6_0,2295.2,1730.6
E1_H7H6_1,2298.4,1730.6
E1_H7H8_0,2304.8,2169.4
E1_H7H8_1,2301.6,2169.4
E1_H8G8_0,2030.6,2204.8
E1_H8G8_1,2030.6,2201.6
E1_H8H9_0,2304.8,2419.4
E1_H8H9_1,2301.6,2419.4
E1_H8I8_0,2569.4,2195.2
E1_H8I8_1,2569.4,2198.4
E1_H9G9_0,2030.6,2454.8
E1_H9G9_1,2030.6,2451.6
E1_H9H10_0,2304.8,2669.4
E1_H9H10_1,2301.6,2669.4
E1_H9I9_0,2569.4,2445.2
E1_H9I9_1,2569.4,2448.4
E1_I0right0_0,2780.4,195.2
E1_I0right0_1,2780.4,198.4
E1_I10H10_0,2330.6,2704.8
E1_I10H10_1,2330.6,2701.6
E1_I10I11_0,2604.8,2919.4
E1_I10I11_1,2601.6,2919.4
E1_I10I9_0,2595.2,2480.6
E1_I10I9_1,2598.4,2480.6
E1_I10right10_0,2780.4,2695.2
E1_I10right10_1,2780.4,2698.4
E1_I11H11_0,2330.6,2954.8
E1_I11H11_1,2330.6,2951.6
E1_I11I10_0,2595.2,2730.6
E1_I11I10_1,2598.4,2730.6
E1_I11top8_0,2604.8,3130.4
E1_I11top8_1,2601.6,3130.4
E1_I1H1_0,2330.6,454.8
E1_I1H1_1,2330.6,451.6
E1_I1I0_0,2595.2,230.60000000000002
E1_I1I0_1,2598.4,230.60000000000002
E1_I1I2_0,2604.8,669.4
E1_I1I2_1,2601.6,669.4
E1_I1right1_0,2780.4,445.2
E1_I1right1_1,2780.4,448.4
E1_I2H2_0,2330.6,704.8
E1_I2H2_1,2330.6,701.6
E1_I2I1_0,2595.2,480.6
E1_I2I1_1,2598.4,480.6
E1_I2I3_0,2604.8,919.4
E1_I2I3_1,2601.6,919.4
E1_I2right2_0,2780.4,695.2
E1_I2right2_1,2780.4,698.4
E1_I3H3_0,2330.6,954.8
E1_I3H3_1,2330.6,951.6
E1_I3I2_0,2595.2,730.6
E1_I3I2_1,2598.4,730.6
E1_I3I4_0,2604.8,1169.4
E1_I3I4_1,2601.6,1169.4
E1_I4H4_0,2330.6,1204.8
E1_I4H4_1,2330.6,1201.6
E1_I4I3_0,2595.2,980.5999999999999
E1_I4I3_1,2598.4,980.5999999999999
E1_I4I5_0,2604.8,1419.4
E1_I4I5_1,2601.6,1419.4
E1_I5H5_0,2330.6,1454.8
E1_I5H5_1,2330.6,1451.6
E1_I5I4_0,2595.2,1230.6
E1_I5I4_1,2598.4,1230.6
E1_I5I6_0,2604.8,1669.4
E1_I5I6_1,2601.6,1669.4
E1_I5right5_0,2780.4,1445.2
E1_I5right5_1,2780.4,1448.4
E1_I6H6_0,2330.6,1704.8
E1_I6H6_1,2330.6,1701.6
E1_I6I5_0,2595.2,1480.6
E1_I6I5_1,2598.4,1480.6
E1_I6I7_0,2604.8,1919.4
E1_I6I7_1,2601.6,1919.4
E1_I6right6_0,2780.4,1695.2
E1_I6right6_1,2780.4,1698.4
E1_I7H7_0,2330.6,1954.8
E1_I7H7_1,2330.6,1951.6
E1_I8H8_0,2330.6,2204.8
E1_I8H8_1,2330.6,2201.6
E1_I8I7_0,2595.2,1980.6
E1_I8I7_1,2598.4,1980.6
E1_I8I9_0,2604.8,2419.4
E1_I8I9_1,2601.6,2419.4
E1_I9H9_0,2330.6,2454.8
E1_I9H9_1,2330.6,2451.6
E1_I9I8_0,2595.2,2230.6
E1_I9I8_1,2598.4,2230.6
E1_I9right9_0,2780.4,2445.2
E1_I9right9_1,2780.4,2448.4
E1_bottom0A0_0,204.8,170.0
E1_bottom0A0_1,201.6,170.0
E1_bottom1B0_0,504.8,170.0
E1_bottom1B0_1,501.6,170.0
E1_bottom2C0_0,804.8,170.0
E1_bottom2C0_1,801.6,170.0
E1_bottom3D0_0,1104.8,170.0
E1_bottom3D0_1,1101.6,170.0
E1_bottom4E0_0,1404.8,170.0
E1_bottom4E0_1,1401.6,170.0
E1_bottom5F0_0,1704.8,170.0
E1_bottom5F0_1,1701.6,170.0
E1_bottom6G0_0,2004.8,170.0
E1_bottom6G0_1,2001.6,170.0
E1_bottom7H0_0,2304.8,170.0
E1_bottom7H0_1,2301.6,170.0
E1_bottom8I0_0,2604.8,170.0
E1_bottom8I0_1,2601.6,170.0
E1_left0A0_0,170.0,195.2
E1_left0A0_1,170.0,198.4
E1_left11A11_0,170.0,2945.2
E1_left11A11_1,170.0,2948.4
E1_left1A1_0,170.0,445.2
E1_left1A1_1,170.0,448.4
E1_left3A3_0,170.0,945.2
E1_left3A3_1,170.0,948.4
E1_left4A4_0,170.0,1195.2
E1_left4A4_1,170.0,1198.4
E1_left5A5_0,170.0,1445.2
E1_left5A5_1,170.0,1448.4
E1_left7A7_0,170.0,1945.2
E1_left7A7_1,170.0,1948.4
E1_left9A9_0,170.0,2445.2
E1_left9A9_1,170.0,2448.4
E1_right0I0_0,2630.0,204.8
E1_right0I0_1,2630.0,201.6
E1_right11I11_0,2630.0,2954.8
E1_right11I11_1,2630.0,2951.6
E1_right1I1_0,2630.0,454.8
E1_right1I1_1,2630.0,451.6
E1_right2I2_0,2630.0,704.8
E1_right2I2_1,2630.0,701.6
E1_right3I3_0,2630.0,954.8
E1_right3I3_1,2630.0,951.6
E1_right4I4_0,2630.0,1204.8
E1_right4I4_1,2630.0,1201.6
E1_right6I6_0,2630.0,1704.8
E1_right6I6_1,2630.0,1701.6
E1_right7I7_0,2630.0,1954.8
E1_right7I7_1,2630.0,1951.6
E1_right8I8_0,2630.0,2204.8
E1_right8I8_1,2630.0,2201.6
E1_right9I9_0,2630.0,2454.8
E1_right9I9_1,2630.0,2451.6
E1_top0A11_0,195.2,2980.0
E1_top0A11_1,198.4,2980.0
E1_top1B11_0,495.2,2980.0
E1_top1B11_1,498.4,2980.0
E1_top3D11_0,1095.2,2980.0
E1_top3D11_1,1098.4,2980.0
E1_top4E11_0,1395.2,2980.0
E1_top4E11_1,1398.4,2980.0
E1_top5F11_0,1695.2,2980.0
E1_top5F11_1,1698.4,2980.0
